Quantum;TimeMs
1;1090.7533799999999
2;1054.34002
5;1010.3884100000001
10;1016.2341
20;1061.6949499999998
50;1076.45311
100;1083.50173
150;1066.4340699999998
200;1101.3328000000001
